Date,VIX
8/29/2016,13.42
8/22/2016,13.65
8/15/2016,11.34
8/8/2016,11.55
8/1/2016,11.39
7/25/2016,11.87
7/18/2016,12.02
7/11/2016,12.67
7/5/2016,13.2
6/27/2016,14.77
6/20/2016,25.76
6/13/2016,19.41
6/6/2016,17.030001
5/31/2016,13.47
5/23/2016,13.12
5/16/2016,15.2
5/9/2016,15.04
5/2/2016,14.72
4/25/2016,15.7
4/18/2016,13.22
4/11/2016,13.62
4/4/2016,15.36
3/28/2016,13.1
3/21/2016,14.74
3/14/2016,14.02
3/7/2016,16.5
2/29/2016,16.860001
2/22/2016,19.809999
2/16/2016,20.530001
2/8/2016,25.4
2/1/2016,23.379999
1/25/2016,20.200001
1/19/2016,22.34
1/11/2016,27.02
1/4/2016,27.01
12/28/2015,18.209999
12/21/2015,15.74
12/14/2015,20.700001
12/7/2015,24.389999
11/30/2015,14.81
11/23/2015,15.12
11/16/2015,15.47
11/9/2015,20.08
11/2/2015,14.33
10/26/2015,15.07
10/19/2015,14.46
10/12/2015,15.05
10/5/2015,17.08
9/28/2015,20.940001
9/21/2015,23.620001
9/14/2015,22.280001
9/8/2015,23.200001
8/31/2015,27.799999
8/24/2015,26.049999
8/17/2015,28.030001
8/10/2015,12.83
8/3/2015,13.39
7/27/2015,12.12
7/20/2015,13.74
7/13/2015,11.95
7/6/2015,16.83
6/29/2015,16.790001
6/22/2015,14.02
6/15/2015,13.96
6/8/2015,13.78
6/1/2015,14.21
5/26/2015,13.84
5/18/2015,12.13
5/11/2015,12.38
5/4/2015,12.86
4/27/2015,12.7
4/20/2015,12.29
4/13/2015,13.89
4/6/2015,12.58
3/30/2015,14.67
3/23/2015,15.07
3/16/2015,13.02
3/9/2015,16
3/2/2015,15.2
2/23/2015,13.34
2/17/2015,14.3
2/9/2015,14.69
2/2/2015,17.290001
1/26/2015,20.969999
1/20/2015,16.66
1/12/2015,20.950001
1/5/2015,17.549999
12/29/2014,17.790001
12/22/2014,14.5
12/15/2014,16.49
12/8/2014,21.08
12/1/2014,11.89
11/24/2014,13.33
11/17/2014,12.9
11/10/2014,13.31
11/3/2014,13.12
10/27/2014,14.03
10/20/2014,16.110001
10/13/2014,21.99
10/6/2014,21.24
9/29/2014,14.55
9/22/2014,14.85
9/15/2014,12.11
9/8/2014,13.31
9/2/2014,12.09
8/25/2014,12.09
8/18/2014,11.47
8/11/2014,13.15
8/4/2014,15.77
7/28/2014,17.030001
7/21/2014,12.69
7/14/2014,12.06
7/7/2014,12.08
6/30/2014,10.32
6/23/2014,11.26
6/16/2014,10.85
6/9/2014,12.18
6/2/2014,10.73
5/27/2014,11.4
5/19/2014,11.36
5/12/2014,12.44
5/5/2014,12.92
4/28/2014,12.91
4/21/2014,14.06
4/14/2014,13.36
4/7/2014,17.030001
3/31/2014,13.96
3/24/2014,14.41
3/17/2014,15
3/10/2014,17.82
3/3/2014,14.11
2/24/2014,14
2/18/2014,14.68
2/10/2014,13.57
2/3/2014,15.31
1/27/2014,18.41
1/21/2014,17.879999
1/13/2014,12.44
1/6/2014,12.14
12/30/2013,13.76
12/23/2013,12.46
12/16/2013,13.79
12/9/2013,15.76
12/2/2013,13.79
11/25/2013,13.7
11/18/2013,12.26
11/11/2013,12.19
11/4/2013,12.9
10/28/2013,13.28
10/21/2013,13.09
10/14/2013,13.04
10/7/2013,15.72
9/30/2013,16.74
9/23/2013,15.46
9/16/2013,13.12
9/9/2013,14.16
9/3/2013,15.85
8/26/2013,17.01
8/19/2013,14.06
8/12/2013,14.37
8/5/2013,13.41
7/29/2013,11.98
7/22/2013,12.72
7/15/2013,12.54
7/8/2013,13.84
7/1/2013,14.89
6/24/2013,16.860001
6/17/2013,18.9
6/10/2013,17.15
6/3/2013,15.14
5/28/2013,16.299999
5/20/2013,13.99
5/13/2013,12.45
5/6/2013,12.59
4/29/2013,12.85
4/22/2013,13.61
4/15/2013,14.97
4/8/2013,12.06
4/1/2013,13.92
3/25/2013,12.7
3/18/2013,13.57
3/11/2013,11.3
3/4/2013,12.59
2/25/2013,15.36
2/19/2013,14.17
2/11/2013,12.46
2/4/2013,13.02
1/28/2013,12.9
1/22/2013,12.89
1/14/2013,12.46
1/7/2013,13.36
12/31/2012,13.83
12/24/2012,21.790001
12/17/2012,17.84
12/10/2012,16.99
12/3/2012,15.87
11/26/2012,15.87
11/19/2012,15.14
11/12/2012,16.41
11/5/2012,18.610001
10/31/2012,17.59
10/22/2012,17.809999
10/15/2012,16.969999
10/8/2012,16.139999
10/1/2012,14.33
9/24/2012,15.73
9/17/2012,13.98
9/10/2012,14.51
9/4/2012,14.38
8/27/2012,17.469999
8/20/2012,15.18
8/13/2012,13.45
8/6/2012,14.74
7/30/2012,15.64
7/23/2012,16.700001
7/16/2012,16.27
7/9/2012,16.74
7/2/2012,17.1
6/25/2012,17.08
6/18/2012,18.110001
6/11/2012,21.110001
6/4/2012,21.23
5/29/2012,26.66
5/21/2012,21.76
5/14/2012,25.1
5/7/2012,19.889999
4/30/2012,19.16
4/23/2012,16.32
4/16/2012,17.440001
4/9/2012,19.549999
4/2/2012,16.700001
3/26/2012,15.5
3/19/2012,14.82
3/12/2012,14.43
3/5/2012,17.110001
2/27/2012,17.290001
2/21/2012,17.309999
2/13/2012,17.780001
2/6/2012,20.77
1/30/2012,17.1
1/23/2012,18.530001
1/17/2012,18.280001
1/9/2012,20.91
1/3/2012,20.629999
12/27/2011,23.4
12/19/2011,20.73
12/12/2011,24.290001
12/5/2011,26.379999
11/28/2011,27.52
11/21/2011,34.470001
11/14/2011,32
11/7/2011,30.040001
10/31/2011,30.16
10/24/2011,24.530001
10/17/2011,31.32
10/10/2011,28.24
10/3/2011,36.200001
9/26/2011,42.959999
9/19/2011,41.25
9/12/2011,30.98
9/6/2011,38.52
8/29/2011,33.919998
8/22/2011,35.59
8/15/2011,43.049999
8/8/2011,36.360001
8/1/2011,32
7/25/2011,25.25
7/18/2011,17.52
7/11/2011,19.530001
7/5/2011,15.95
6/27/2011,15.87
6/20/2011,21.1
6/13/2011,21.85
6/6/2011,18.860001
5/31/2011,17.950001
5/23/2011,15.98
5/16/2011,17.43
5/9/2011,17.07
5/2/2011,18.4
4/25/2011,14.75
4/18/2011,14.69
4/11/2011,15.32
4/4/2011,17.870001
3/28/2011,17.4
3/21/2011,17.91
3/14/2011,24.440001
3/7/2011,20.08
2/28/2011,19.059999
2/22/2011,19.219999
2/14/2011,16.43
2/7/2011,15.69
1/31/2011,15.93
1/24/2011,20.040001
1/18/2011,18.469999
1/10/2011,15.46
1/3/2011,17.139999
12/27/2010,17.75
12/20/2010,16.469999
12/13/2010,16.110001
12/6/2010,17.610001
11/29/2010,18.01
11/22/2010,22.219999
11/15/2010,18.040001
11/8/2010,20.610001
11/1/2010,18.26
10/25/2010,21.200001
10/18/2010,18.780001
10/11/2010,19.030001
10/4/2010,20.709999
9/27/2010,22.5
9/20/2010,21.709999
9/13/2010,22.01
9/7/2010,21.99
8/30/2010,21.309999
8/23/2010,24.450001
8/16/2010,25.49
8/9/2010,26.24
8/2/2010,21.74
7/26/2010,23.5
7/19/2010,23.469999
7/12/2010,26.25
7/6/2010,24.98
6/28/2010,30.120001
6/21/2010,28.530001
6/14/2010,23.950001
6/7/2010,28.790001
6/1/2010,35.48
5/24/2010,32.07
5/17/2010,40.099998
5/10/2010,31.24
5/3/2010,40.950001
4/26/2010,22.049999
4/19/2010,16.620001
4/12/2010,18.360001
4/5/2010,16.139999
3/29/2010,17.469999
3/22/2010,17.77
3/15/2010,16.969999
3/8/2010,17.58
3/1/2010,17.42
2/22/2010,19.5
2/16/2010,20.02
2/8/2010,22.73
2/1/2010,26.110001
1/25/2010,24.620001
1/19/2010,27.309999
1/11/2010,17.91
1/4/2010,18.129999
12/28/2009,21.68
12/21/2009,19.469999
12/14/2009,21.68
12/7/2009,21.59
11/30/2009,21.25
11/23/2009,24.74
11/16/2009,22.190001
11/9/2009,23.360001
11/2/2009,24.190001
10/26/2009,30.690001
10/19/2009,22.27
10/12/2009,21.43
10/5/2009,23.120001
9/28/2009,28.68
9/21/2009,25.610001
9/14/2009,23.92
9/8/2009,24.15
8/31/2009,25.26
8/24/2009,24.76
8/17/2009,25.01
8/10/2009,24.27
8/3/2009,24.76
7/27/2009,25.92
7/20/2009,23.09
7/13/2009,24.34
7/6/2009,29.02
6/29/2009,27.950001
6/22/2009,25.93
6/15/2009,27.99
6/8/2009,28.15
6/1/2009,29.620001
5/26/2009,28.92
5/18/2009,32.630001
5/11/2009,33.119999
5/4/2009,32.049999
4/27/2009,35.299999
4/20/2009,36.82
4/13/2009,33.939999
4/6/2009,36.529999
3/30/2009,39.700001
3/23/2009,41.040001
3/16/2009,45.889999
3/9/2009,42.360001
3/2/2009,49.330002
2/23/2009,46.349998
2/17/2009,49.299999
2/9/2009,42.93
2/2/2009,43.369999
1/26/2009,44.84
1/20/2009,47.27
1/12/2009,46.110001
1/5/2009,42.82
12/29/2008,39.189999
12/22/2008,43.380001
12/15/2008,44.93
12/8/2008,54.279999
12/1/2008,59.93
11/24/2008,55.279999
11/17/2008,72.669998
11/10/2008,66.309998
11/3/2008,56.099998
10/27/2008,59.889999
10/20/2008,79.129997
10/13/2008,70.330002
10/6/2008,69.949997
9/29/2008,45.139999
9/22/2008,34.740002
9/15/2008,32.07
9/8/2008,25.66
9/2/2008,23.059999
8/25/2008,20.65
8/18/2008,18.809999
8/11/2008,19.58
8/4/2008,20.66
7/28/2008,22.57
7/21/2008,22.91
7/14/2008,24.049999
7/7/2008,27.49
6/30/2008,24.790001
6/23/2008,23.440001
6/16/2008,22.870001
6/9/2008,21.219999
6/2/2008,23.559999
5/27/2008,17.83
5/19/2008,19.549999
5/12/2008,16.469999
5/5/2008,19.41
4/28/2008,18.18
4/21/2008,19.59
4/14/2008,20.129999
4/7/2008,23.459999
3/31/2008,22.450001
3/24/2008,25.709999
3/17/2008,26.620001
3/10/2008,31.16
3/3/2008,27.49
2/25/2008,26.540001
2/19/2008,24.059999
2/11/2008,25.02
2/4/2008,28.01
1/28/2008,24.02
1/22/2008,29.08
1/14/2008,27.18
1/7/2008,23.68
12/31/2007,23.940001
12/24/2007,20.74
12/17/2007,18.469999
12/10/2007,23.27
12/3/2007,20.85
11/26/2007,22.870001
11/19/2007,25.959999
11/12/2007,25.49
11/5/2007,28.5
10/29/2007,23.01
10/22/2007,19.559999
10/15/2007,22.959999
10/8/2007,17.73
10/1/2007,16.91
9/24/2007,18
9/17/2007,19
9/10/2007,24.92
9/4/2007,26.23
8/27/2007,23.379999
8/20/2007,20.719999
8/13/2007,29.99
8/6/2007,28.299999
7/30/2007,25.16
7/23/2007,24.17
7/16/2007,16.950001
7/9/2007,15.15
7/2/2007,14.72
6/25/2007,16.23
6/18/2007,15.75
6/11/2007,13.94
6/4/2007,14.84
5/29/2007,12.78
5/21/2007,13.34
5/14/2007,12.76
5/7/2007,12.95
4/30/2007,12.91
4/23/2007,12.45
4/16/2007,12.07
4/9/2007,12.2
4/2/2007,13.23
3/26/2007,14.64
3/19/2007,12.95
3/12/2007,16.790001
3/5/2007,14.09
2/26/2007,18.610001
2/20/2007,10.58
2/12/2007,10.02
2/5/2007,11.1
1/29/2007,10.08
1/22/2007,11.13
1/16/2007,10.4
1/8/2007,10.15
1/3/2007,12.14
12/26/2006,11.56
12/18/2006,11.36
12/11/2006,10.05
12/4/2006,12.07
11/27/2006,11.66
11/20/2006,10.73
11/13/2006,10.05
11/6/2006,10.79
10/30/2006,11.16
10/23/2006,10.8
10/16/2006,10.63
10/9/2006,10.75
10/2/2006,11.56
9/25/2006,11.98
9/18/2006,12.59
9/11/2006,11.76
9/5/2006,13.16
8/28/2006,11.96
8/21/2006,12.31
8/14/2006,11.64
8/7/2006,14.3
7/31/2006,14.34
7/24/2006,14.33
7/17/2006,17.4
7/10/2006,18.049999
7/3/2006,13.97
6/26/2006,13.08
6/19/2006,15.89
6/12/2006,17.25
6/5/2006,18.120001
5/30/2006,14.32
5/22/2006,14.26
5/15/2006,17.18
5/8/2006,14.19
5/1/2006,11.62
4/24/2006,11.59
4/17/2006,11.59
4/10/2006,12.38
4/3/2006,12.26
3/27/2006,11.39
3/20/2006,11.19
3/13/2006,12.12
3/6/2006,11.85
2/27/2006,11.96
2/21/2006,11.46
2/13/2006,12.01
2/6/2006,12.87
1/30/2006,12.96
1/23/2006,11.97
1/17/2006,14.56
1/9/2006,11.23
1/3/2006,11
12/27/2005,12.07
12/19/2005,10.27
12/12/2005,10.68
12/5/2005,11.69
11/28/2005,11.01
11/21/2005,10.88
11/14/2005,11.12
11/7/2005,11.63
10/31/2005,13.17
10/24/2005,14.25
10/17/2005,16.129999
10/10/2005,14.87
10/3/2005,14.59
9/26/2005,11.92
9/19/2005,12.96
9/12/2005,11.22
9/6/2005,11.98
8/29/2005,13.57
8/22/2005,13.72
8/15/2005,13.42
8/8/2005,12.74
8/1/2005,12.48
7/25/2005,11.57
7/18/2005,10.52
7/11/2005,10.33
7/5/2005,11.45
6/27/2005,11.4
6/20/2005,12.18
6/13/2005,11.48
6/6/2005,11.96
5/31/2005,12.15
5/23/2005,12.15
5/16/2005,13.14
5/9/2005,16.32
5/2/2005,14.05
4/25/2005,15.31
4/18/2005,15.38
4/11/2005,17.74
4/4/2005,12.62
3/28/2005,14.09
3/21/2005,13.42
3/14/2005,13.14
3/7/2005,12.8
2/28/2005,11.94
2/22/2005,11.49
2/14/2005,11.18
2/7/2005,11.43
1/31/2005,11.21
1/24/2005,13.24
1/18/2005,14.36
1/10/2005,12.43
1/3/2005,13.49
12/27/2004,13.29
12/20/2004,11.23
12/13/2004,11.95
12/6/2004,12.76
11/29/2004,12.96
11/22/2004,12.78
11/15/2004,13.5
11/8/2004,13.33
11/1/2004,13.84
10/25/2004,16.27
10/18/2004,15.28
10/11/2004,15.04
10/4/2004,15.05
9/27/2004,12.75
9/20/2004,14.28
9/13/2004,14.03
9/7/2004,13.76
8/30/2004,13.91
8/23/2004,14.71
8/16/2004,16
8/9/2004,17.98
8/2/2004,19.34
7/26/2004,15.32
7/19/2004,16.5
7/12/2004,14.34
7/6/2004,15.78
6/28/2004,15.08
6/21/2004,15.19
6/14/2004,14.99
6/7/2004,15.04
6/1/2004,16.780001
5/24/2004,15.5
5/17/2004,18.49
5/10/2004,18.469999
5/3/2004,18.129999
4/26/2004,17.190001
4/19/2004,14.01
4/12/2004,14.94
4/5/2004,16.26
3/29/2004,15.64
3/22/2004,17.33
3/15/2004,19.15
3/8/2004,18.299999
3/1/2004,14.48
2/23/2004,14.55
2/17/2004,16.040001
2/9/2004,15.58
2/2/2004,16
1/26/2004,16.629999
1/20/2004,14.84
1/12/2004,15
1/5/2004,16.75
12/29/2003,18.219999
12/22/2003,17.450001
12/15/2003,16.42
12/8/2003,16.41
12/1/2003,17.09
11/24/2003,16.32
11/17/2003,18.98
11/10/2003,16.940001
11/3/2003,16.93
10/27/2003,16.1
10/20/2003,17.709999
10/13/2003,17.620001
10/6/2003,18.450001
9/29/2003,19.5
9/22/2003,22.23
9/15/2003,17.540001
9/8/2003,18.68
9/2/2003,18.17
8/25/2003,18.629999
8/18/2003,18.549999
8/11/2003,18.27
8/4/2003,19.59
7/28/2003,20.75
7/21/2003,17.75
7/14/2003,19.110001
7/7/2003,18.469999
6/30/2003,19.389999
6/23/2003,19.16
6/16/2003,19.139999
6/9/2003,20.66
6/2/2003,21.25
5/27/2003,19.469999
5/19/2003,19.17
5/12/2003,18.4
5/5/2003,19.690001
4/28/2003,20.629999
4/21/2003,20.799999
4/14/2003,21.5
4/7/2003,24.440001
3/31/2003,29.129999
3/24/2003,27.75
3/17/2003,28.67
3/10/2003,30.98
3/3/2003,31.08
2/24/2003,29.629999
2/18/2003,30.25
2/10/2003,32.619999
2/3/2003,34.009998
1/27/2003,31.17
1/21/2003,31.51
1/13/2003,25.700001
1/6/2003,24.32
12/30/2002,24.68
12/23/2002,29.549999
12/16/2002,26.709999
12/9/2002,28.18
12/2/2002,28.879999
11/25/2002,27.5
11/18/2002,23.16
11/11/2002,26.65
11/4/2002,29.41
10/28/2002,29.299999
10/21/2002,30
10/14/2002,33.529999
10/7/2002,35.700001
9/30/2002,39.459999
9/23/2002,36.970001
9/16/2002,38.98
9/9/2002,35.82
9/3/2002,36.330002
8/26/2002,32.639999
8/19/2002,29.32
8/12/2002,28.809999
8/5/2002,35.330002
7/29/2002,41.290001
7/22/2002,35.509998
7/15/2002,38.169998
7/8/2002,32.939999
7/1/2002,27.110001
6/24/2002,25.4
6/17/2002,27.23
6/10/2002,25.959999
6/3/2002,23.51
5/28/2002,19.98
5/20/2002,18.9
5/13/2002,17.700001
5/6/2002,22.41
4/29/2002,20.190001
4/22/2002,22.139999
4/15/2002,18.299999
4/8/2002,19.42
4/1/2002,19.129999
3/25/2002,17.4
3/18/2002,17.77
3/11/2002,18.42
3/4/2002,19.27
2/25/2002,19.959999
2/19/2002,22.860001
2/11/2002,22.370001
2/4/2002,23.26
1/28/2002,21.120001
1/22/2002,21.01
1/14/2002,22.52
1/7/2002,22.6
12/31/2001,20.450001
12/24/2001,21.4
12/17/2001,22.5
12/10/2001,24.629999
12/3/2001,23.49
11/26/2001,23.84
11/19/2001,23.25
11/12/2001,25.07
11/5/2001,27.440001
10/29/2001,30.709999
10/22/2001,28.42
10/15/2001,34.110001
10/8/2001,35.27
10/1/2001,33.389999
9/24/2001,31.93
9/10/2001,42.66
9/4/2001,30.99
8/27/2001,24.92
8/20/2001,19.709999
8/13/2001,23.84
8/6/2001,20.549999
7/30/2001,19.889999
7/23/2001,22
7/16/2001,22.34
7/9/2001,21.139999
7/2/2001,21.629999
6/25/2001,19.059999
6/18/2001,20.02
6/11/2001,22.809999
6/4/2001,19.92
5/29/2001,21.59
5/21/2001,20.6
5/14/2001,21.23
5/7/2001,23.540001
4/30/2001,23.91
4/23/2001,24.02
4/16/2001,25.379999
4/9/2001,26.120001
4/2/2001,31.690001
3/26/2001,28.639999
3/19/2001,30.450001
3/12/2001,29.91
3/5/2001,25.620001
2/26/2001,27.43
2/20/2001,27.209999
2/12/2001,22.120001
2/5/2001,22.030001
1/29/2001,21.950001
1/22/2001,22.57
1/16/2001,23.24
1/8/2001,24.559999
1/2/2001,28.67
12/26/2000,26.85
12/18/2000,27.549999
12/11/2000,26.549999
12/4/2000,22.41
11/27/2000,27.48
11/20/2000,26
11/13/2000,24.809999
11/6/2000,28.530001
10/30/2000,23.67
10/23/2000,26.469999
10/16/2000,24.24
10/9/2000,27.6
10/2/2000,22.709999
9/25/2000,20.57
9/18/2000,20.74
9/11/2000,18.52
9/5/2000,18.459999
8/28/2000,17.530001
8/21/2000,16.530001
8/14/2000,17.049999
8/7/2000,18.549999
7/31/2000,18.620001
7/24/2000,20.84
7/17/2000,18.940001
7/10/2000,19.32
7/3/2000,19.219999
6/26/2000,19.540001
6/19/2000,22.34
6/12/2000,20.5
6/5/2000,22.139999
5/30/2000,21.48
5/22/2000,24.469999
5/15/2000,25.440001
5/8/2000,26.049999
5/1/2000,27.530001
4/24/2000,26.200001
4/17/2000,25.85
4/10/2000,33.490002
4/3/2000,24.389999
3/27/2000,24.110001
3/20/2000,23.309999
3/13/2000,22.370001
3/6/2000,21.24
2/28/2000,19.209999
2/22/2000,25.200001
2/14/2000,26
2/7/2000,24.42
1/31/2000,21.540001
1/24/2000,26.139999
1/18/2000,20.82
1/10/2000,19.66
1/3/2000,21.719999
12/27/1999,24.639999
12/20/1999,21.120001
12/13/1999,21.35
12/6/1999,21.48
11/29/1999,19.32
11/22/1999,22.33
11/15/1999,19.110001
11/8/1999,21.65
11/1/1999,21.66
10/25/1999,22.200001
10/18/1999,21.639999
10/11/1999,28.75
10/4/1999,20.49
9/27/1999,24.93
9/20/1999,27.790001
9/13/1999,23.299999
9/7/1999,22.030001
8/30/1999,20.98
8/23/1999,21.83
8/16/1999,22.950001
8/9/1999,22.309999
8/2/1999,26.6
7/26/1999,24.639999
7/19/1999,23.32
7/12/1999,17.42
7/6/1999,17.959999
6/28/1999,18.66
6/21/1999,21.76
6/14/1999,21.75
6/7/1999,25.9
6/1/1999,23.43
5/24/1999,25.389999
5/17/1999,24.4
5/10/1999,26.860001
5/3/1999,25.360001
4/26/1999,25.07
4/19/1999,22.76
4/12/1999,23.9
4/5/1999,21.77
3/29/1999,22.059999
3/22/1999,24.040001
3/15/1999,24.32
3/8/1999,24.84
3/1/1999,24.08
2/22/1999,27.879999
2/16/1999,29.299999
2/8/1999,29.76
2/1/1999,29.67
1/25/1999,26.25
1/19/1999,31.950001
1/11/1999,29.24
1/4/1999,23.280001
12/28/1998,24.42
12/21/1998,21.48
12/14/1998,25.040001
12/7/1998,27.719999
11/30/1998,25.309999
11/23/1998,22.09
11/16/1998,22.469999
11/9/1998,29.030001
11/2/1998,25.700001
10/26/1998,28.049999
10/19/1998,32.27
10/12/1998,34.82
10/5/1998,42.200001
9/28/1998,40.470001
9/21/1998,34.549999
9/14/1998,38.630001
9/8/1998,43.740002
8/31/1998,43.310001
8/24/1998,39.599998
8/17/1998,33.139999
8/10/1998,34.34
8/3/1998,27.02
7/27/1998,24.799999
7/20/1998,23.01
7/13/1998,16.23
7/6/1998,17.92
6/29/1998,17.67
6/22/1998,19.360001
6/15/1998,21.92
6/8/1998,22.780001
6/1/1998,19.780001
5/26/1998,21.32
5/18/1998,18.99
5/11/1998,20.440001
5/4/1998,20.57
4/27/1998,19.34
4/20/1998,21.969999
4/13/1998,20.76
4/6/1998,21.51
3/30/1998,21.82
3/23/1998,23.469999
3/16/1998,18.690001
3/9/1998,18.709999
3/2/1998,19.139999
2/23/1998,18.549999
2/17/1998,19
2/9/1998,19.84
2/2/1998,20.51
1/26/1998,21.469999
1/20/1998,23.32
1/12/1998,21.65
1/5/1998,28.690001
12/29/1997,23.42
12/22/1997,29.27
12/15/1997,29.18
12/8/1997,27.92
12/1/1997,22.65
11/24/1997,27.43
11/17/1997,26.65
11/10/1997,33.66
11/3/1997,36.27
10/27/1997,35.09
10/20/1997,23.17
10/13/1997,21.690001
10/6/1997,19.75
9/29/1997,21.540001
9/22/1997,22.26
9/15/1997,22.74
9/8/1997,25.17
9/2/1997,24.309999
8/25/1997,24.76
8/18/1997,24.74
8/11/1997,24.450001
8/4/1997,22.459999
7/28/1997,22.290001
7/21/1997,20.82
7/14/1997,22.280001
7/7/1997,19.059999
6/30/1997,17.82
6/23/1997,21.219999
6/16/1997,20.200001
6/9/1997,19.27
6/2/1997,18.940001
5/27/1997,19.190001
5/19/1997,18.08
5/12/1997,21.57
5/5/1997,20.110001
4/28/1997,17.51
4/21/1997,21.15
4/14/1997,18.75
4/7/1997,19.76
3/31/1997,19.23
3/24/1997,20.5
3/17/1997,19.690001
3/10/1997,19.809999
3/3/1997,19.32
2/24/1997,21.1
2/18/1997,20.549999
2/10/1997,19.18
2/3/1997,18.9
1/27/1997,19.469999
1/20/1997,19.33
1/13/1997,18.629999
1/6/1997,19.629999
12/30/1996,19.129999
12/23/1996,19.129999
12/16/1996,18.85
12/9/1996,21.09
12/2/1996,18.82
11/25/1996,17.139999
11/18/1996,14.92
11/11/1996,14.36
11/4/1996,15.78
10/28/1996,17.889999
10/21/1996,17.290001
10/14/1996,15.08
10/7/1996,15.07
9/30/1996,14.8
9/23/1996,16.1
9/16/1996,15.65
9/9/1996,15.2
9/3/1996,17.1
8/26/1996,17.01
8/19/1996,14.18
8/12/1996,14.81
8/5/1996,15.77
7/29/1996,16.190001
7/22/1996,17.450001
7/15/1996,17.26
7/8/1996,17.09
7/1/1996,16.09
6/24/1996,13.68
6/17/1996,15.8
6/10/1996,18.639999
6/3/1996,16.1
5/28/1996,16.07
5/20/1996,15.54
5/13/1996,15.13
5/6/1996,15.61
4/29/1996,16.700001
4/22/1996,14.75
4/15/1996,15.12
4/8/1996,17.379999
4/1/1996,16.18
3/25/1996,18.879999
3/18/1996,17.049999
3/11/1996,16.540001
3/4/1996,20.700001
2/26/1996,16.719999
2/20/1996,14.78
2/12/1996,15.37
2/5/1996,14.63
1/29/1996,13.23
1/22/1996,12
1/15/1996,12.7
1/8/1996,14.23
1/2/1996,13.58
12/26/1995,12.52
12/18/1995,11.51
12/11/1995,11.44
12/4/1995,11.12
11/27/1995,11.11
11/20/1995,11.87
11/13/1995,12.49
11/6/1995,12.97
10/30/1995,12.26
10/23/1995,14.63
10/16/1995,13.46
10/9/1995,13.67
10/2/1995,13.98
9/25/1995,12.74
9/18/1995,12.46
9/11/1995,11.58
9/5/1995,11.16
8/28/1995,11.29
8/21/1995,12.33
8/14/1995,12.03
8/7/1995,12.9
7/31/1995,13.21
7/24/1995,13.18
7/17/1995,12.37
7/10/1995,12.08
7/3/1995,11.77
6/26/1995,11.38
6/19/1995,11.12
6/12/1995,10.75
6/5/1995,12.76
5/30/1995,12.98
5/22/1995,12.2
5/15/1995,12.81
5/8/1995,11.84
5/1/1995,12.06
4/24/1995,11.75
4/17/1995,11.86
4/10/1995,11.48
4/3/1995,12.85
3/27/1995,13.37
3/20/1995,11.19
3/13/1995,11.8
3/6/1995,12.38
2/27/1995,11.45
2/21/1995,10.84
2/13/1995,11.71
2/6/1995,11.28
1/30/1995,10.98
1/23/1995,11.25
1/16/1995,12.15
1/9/1995,11.1
1/3/1995,13.13
12/27/1994,13.2
12/19/1994,11.82
12/12/1994,12.79
12/5/1994,16.040001
11/28/1994,16.549999
11/21/1994,17.440001
11/14/1994,16
11/7/1994,16.5
10/31/1994,16.75
10/24/1994,14.56
10/17/1994,15.91
10/10/1994,13.32
10/3/1994,14.92
9/26/1994,14.28
9/19/1994,14.53
9/12/1994,12.8
9/6/1994,13.12
8/29/1994,11.4
8/22/1994,12.19
8/15/1994,12.83
8/8/1994,11.09
8/1/1994,12.34
7/25/1994,11.13
7/18/1994,11.22
7/11/1994,11.28
7/5/1994,13.26
6/27/1994,14.36
6/20/1994,16.719999
6/13/1994,12.31
6/6/1994,12.69
5/31/1994,12.19
5/23/1994,12.49
5/16/1994,12.79
5/9/1994,14.54
5/2/1994,15.08
4/25/1994,13.77
4/18/1994,14.94
4/11/1994,15.98
4/4/1994,16.92
3/28/1994,20.450001
3/21/1994,13.67
3/14/1994,13.32
3/7/1994,14.87
2/28/1994,16
2/22/1994,14.8
2/14/1994,14.7
2/7/1994,14.46
1/31/1994,15.25
1/24/1994,9.94
1/17/1994,11.09
1/10/1994,11.15
1/3/1994,10.96
12/27/1993,11.66
12/20/1993,9.48
12/13/1993,11.08
12/6/1993,12.6
11/29/1993,12.69
11/22/1993,13.77
11/15/1993,15.03
11/8/1993,13.33
11/1/1993,14.97
10/25/1993,11.46
10/18/1993,11.48
10/11/1993,10.87
10/4/1993,12.04
9/27/1993,11.83
9/20/1993,12.47
9/13/1993,13.39
9/7/1993,11.7
8/30/1993,11.16
8/23/1993,11.91
8/16/1993,11.62
8/9/1993,12.19
8/2/1993,12.33
7/26/1993,11.73
7/19/1993,11.32
7/12/1993,10.96
7/6/1993,10.8
6/28/1993,11.33
6/21/1993,11.25
6/14/1993,12.24
6/7/1993,12.71
6/1/1993,12.86
5/24/1993,13.47
5/17/1993,14.51
5/10/1993,14.39
5/3/1993,13.01
4/26/1993,12.42
4/19/1993,13.36
4/12/1993,11.29
4/5/1993,12.83
3/29/1993,14.5
3/22/1993,12.21
3/15/1993,13.23
3/8/1993,15.66
3/1/1993,14.08
2/22/1993,13.16
2/16/1993,15.02
2/8/1993,12.38
2/1/1993,12.9
1/25/1993,12.42
1/18/1993,11.3
1/11/1993,11.57
1/4/1993,13.77
12/28/1992,12.57
12/21/1992,11.57
12/14/1992,11.66
12/7/1992,12.34
11/30/1992,11.81
11/23/1992,12.58
11/16/1992,13.67
11/9/1992,14.61
11/2/1992,14.69
10/26/1992,16.15
10/19/1992,16.459999
10/12/1992,17.01
10/5/1992,20.51
9/28/1992,17.790001
9/21/1992,14.8
9/14/1992,13.74
9/8/1992,12.47
8/31/1992,12.98
8/24/1992,13.14
8/17/1992,15.01
8/10/1992,14.66
8/3/1992,13.94
7/27/1992,13.17
7/20/1992,13.37
7/13/1992,12.6
7/6/1992,13.7
6/29/1992,13.88
6/22/1992,14.67
6/15/1992,16.309999
6/8/1992,14.95
6/1/1992,14.65
5/26/1992,13.86
5/18/1992,13.73
5/11/1992,14.82
5/4/1992,15.65
4/27/1992,16.610001
4/20/1992,15.71
4/13/1992,14.85
4/6/1992,16.85
3/30/1992,16.719999
3/23/1992,16.02
3/16/1992,16.82
3/9/1992,18.35
3/2/1992,19.75
2/24/1992,16.68
2/18/1992,16.870001
2/10/1992,17.030001
2/3/1992,18.51
1/27/1992,17.4
1/20/1992,16.24
1/13/1992,16.32
1/6/1992,18.450001
12/30/1991,18.75
12/23/1991,15.7
12/16/1991,17.65
12/9/1991,17.879999
12/2/1991,19.040001
11/25/1991,20.26
11/18/1991,21.200001
11/11/1991,21.18
11/4/1991,15.43
10/28/1991,15.6
10/21/1991,15.75
10/14/1991,15.87
10/7/1991,17.6
9/30/1991,15.63
9/23/1991,16.309999
9/16/1991,17.08
9/9/1991,17.879999
9/3/1991,16.76
8/26/1991,14.46
8/19/1991,14.41
8/12/1991,16.01
8/5/1991,15.45
7/29/1991,15.26
7/22/1991,15.45
7/15/1991,15.5
7/8/1991,18.290001
7/1/1991,18.35
6/24/1991,19.549999
6/17/1991,16.51
6/10/1991,15.98
6/3/1991,16.98
5/28/1991,15.93
5/20/1991,15.23
5/13/1991,16.639999
5/6/1991,17.540001
4/29/1991,17.24
4/22/1991,17.27
4/15/1991,15.68
4/8/1991,18.450001
4/1/1991,17.629999
3/25/1991,16.879999
3/18/1991,16.49
3/11/1991,14.9
3/4/1991,20.809999
2/25/1991,21.23
2/19/1991,21.01
2/11/1991,19.57
2/4/1991,23.379999
1/28/1991,21.040001
1/21/1991,22.200001
1/14/1991,25.389999
1/7/1991,32.630001
12/31/1990,27.190001
12/24/1990,25.049999
12/17/1990,22.66
12/10/1990,23.85
12/3/1990,22.59
11/26/1990,22.16
11/19/1990,20.98
11/12/1990,21.34
11/5/1990,26.959999
10/29/1990,30.030001
10/22/1990,30.75
10/15/1990,27.860001
10/8/1990,31.940001
10/1/1990,27.85
9/24/1990,29.110001
9/17/1990,30.040001
9/10/1990,30.559999
9/4/1990,28.73
8/27/1990,29.9
8/20/1990,33.93
8/13/1990,27.530001
8/6/1990,25.75
7/30/1990,28.74
7/23/1990,21.120001
7/16/1990,15.63
7/9/1990,17.09
7/2/1990,16.41
6/25/1990,15.5
6/18/1990,19.360001
6/11/1990,15.9
6/4/1990,17.58
5/29/1990,17.09
5/21/1990,17.32
5/14/1990,17.200001
5/7/1990,19.809999
4/30/1990,17.280001
4/23/1990,22.190001
4/16/1990,23.33
4/9/1990,19.799999
4/2/1990,21.76
3/26/1990,19.73
3/19/1990,20.459999
3/12/1990,17.620001
3/5/1990,20.299999
2/26/1990,21.34
2/20/1990,23.690001
2/12/1990,20.780001
2/5/1990,23.690001
1/29/1990,24.32
1/22/1990,26.280001
1/15/1990,22.5
1/8/1990,24.639999
1/2/1990,20.110001
